run,precision,attn_implementation,batch_size,context_length,weights_gb,kv_cache_gb,measured_decode_tok_s,measured_decode_tok_s_stdev,measured_throughput_tok_s,measured_ms_per_step,traffic_model,ceiling_ideal_tok_s,ceiling_grouped_tok_s,ceiling_expanded_tok_s,compute_ceiling_throughput_tok_s,fraction_of_ideal,fraction_of_applicable,achieved_bandwidth_gb_s,prefill_tflop,prefill_ceiling_s,measured_prefill_s,prefill_mfu,attention_share_of_prefill_flops
phase1_context_sweep/20260922T160004Z,bf16,sdpa_no_gqa,1,128,15.231,0.011,44.844,0.01212,44.844,22.3,expanded,58.0,57.92,57.34,12066.1,0.7732,0.7821,691.4,1.674,0.01063,0.0256,0.4152,0.002
phase1_context_sweep/20260922T160004Z,bf16,sdpa_no_gqa,1,512,15.231,0.033,43.569,0.15331,43.569,22.952,expanded,57.92,57.67,55.98,12066.1,0.7522,0.7783,688.1,6.735,0.04277,0.05866,0.7291,0.0078
phase1_context_sweep/20260922T160004Z,bf16,sdpa_no_gqa,1,2048,15.231,0.1211,39.596,0.14819,39.596,25.255,expanded,57.58,56.69,51.13,12066.1,0.6877,0.7744,684.6,27.569,0.17508,0.20681,0.8466,0.0305
phase1_context_sweep/20260922T160004Z,bf16,sdpa_no_gqa,1,8192,15.231,0.4734,27.402,0.06694,27.402,36.494,expanded,56.29,53.09,37.98,12066.1,0.4868,0.7215,637.9,120.379,0.76446,0.96981,0.7883,0.1119
phase1_context_sweep/20260922T160004Z,bf16,sdpa_no_gqa,1,16384,15.231,0.9432,19.552,0.05243,19.552,51.146,expanded,54.66,48.95,28.28,12066.1,0.3577,0.6914,611.3,267.697,1.69999,2.20595,0.7706,0.2013
phase2_precision_sweep/20260922T160235Z,bf16,sdpa_no_gqa,1,512,15.231,0.033,44.001,0.20299,44.001,22.727,expanded,57.92,57.67,55.98,12066.1,0.7597,0.786,694.9,6.735,0.04277,0.05734,0.7458,0.0078
phase2_precision_sweep/20260922T160235Z,bf16,sdpa_no_gqa,1,2048,15.231,0.1211,40.202,0.12771,40.202,24.874,expanded,57.58,56.69,51.13,12066.1,0.6982,0.7863,695.1,27.569,0.17508,0.20535,0.8526,0.0305
phase2_precision_sweep/20260922T160235Z,fp16,sdpa_no_gqa,1,512,15.231,0.033,44.183,0.20934,44.183,22.633,expanded,57.92,57.67,55.98,12066.1,0.7628,0.7893,697.7,6.735,0.04277,0.05535,0.7727,0.0078
phase2_precision_sweep/20260922T160235Z,fp16,sdpa_no_gqa,1,2048,15.231,0.1211,40.231,0.13597,40.231,24.856,expanded,57.58,56.69,51.13,12066.1,0.6987,0.7868,695.6,27.569,0.17508,0.20818,0.841,0.0305
phase2_precision_sweep/20260922T160235Z,int8,sdpa_no_gqa,1,512,8.706,0.033,13.125,0.13507,13.125,76.19,expanded,101.16,100.4,95.4,12066.1,0.1297,0.1376,121.6,6.735,0.04277,0.11284,0.379,0.0078
phase2_precision_sweep/20260922T160235Z,int8,sdpa_no_gqa,1,2048,8.706,0.1211,13.047,0.01405,13.047,76.646,expanded,100.15,97.48,82.13,12066.1,0.1303,0.1589,140.4,27.569,0.17508,0.23818,0.7351,0.0305
phase2_precision_sweep/20260922T160235Z,nf4,sdpa_no_gqa,1,512,5.443,0.033,40.023,0.26651,40.023,24.986,expanded,161.43,159.51,147.24,12066.1,0.2479,0.2718,240.3,6.735,0.04277,0.07756,0.5514,0.0078
phase2_precision_sweep/20260922T160235Z,nf4,sdpa_no_gqa,1,2048,5.443,0.1211,40.258,0.33007,40.258,24.84,expanded,158.88,152.25,117.85,12066.1,0.2534,0.3416,302.0,27.569,0.17508,0.22557,0.7762,0.0305
phase2_precision_sweep/20260922T160235Z,fp32,sdpa_no_gqa,1,512,30.462,0.033,2.2,0.00551,2.2,454.545,expanded,28.99,28.93,28.5,12066.1,0.0759,0.0772,68.3,6.735,0.04277,4.63251,0.0092,0.0078
phase2_precision_sweep/20260922T160235Z,fp32,sdpa_no_gqa,1,2048,30.462,0.1211,0.669,0.36541,0.669,1494.768,expanded,28.91,28.68,27.18,12066.1,0.0231,0.0246,21.8,27.569,0.17508,36.2696,0.0048,0.0305
phase7_decode_ab/20260922T195244Z,bf16,sdpa_grouped_decode,1,128,15.231,0.011,43.5097,0.8477,43.51,22.983,grouped,58.0,57.92,57.34,12066.1,0.7502,0.7512,664.1,1.674,0.01063,0.02803,0.3792,0.002
phase7_decode_ab/20260922T195244Z,bf16,sdpa_grouped_decode,1,512,15.231,0.033,42.8485,0.5728,42.849,23.338,grouped,57.92,57.67,55.98,12066.1,0.7398,0.743,656.9,6.735,0.04277,0.06019,0.7105,0.0078
phase7_decode_ab/20260922T195244Z,bf16,sdpa_grouped_decode,1,1024,15.231,0.0624,41.3372,0.6114,41.337,24.191,grouped,57.81,57.34,54.27,12066.1,0.7151,0.7209,637.3,13.574,0.0862,0.10885,0.7919,0.0155
phase7_decode_ab/20260922T195244Z,bf16,sdpa_grouped_decode,1,2048,15.231,0.1211,39.0568,1.6596,39.057,25.604,grouped,57.58,56.69,51.13,12066.1,0.6783,0.689,609.1,27.569,0.17508,0.21168,0.8271,0.0305
phase7_decode_ab/20260922T195244Z,bf16,sdpa_grouped_decode,1,4096,15.231,0.2385,37.8255,1.0179,37.825,26.437,grouped,57.15,55.44,45.84,12066.1,0.6619,0.6823,603.2,56.822,0.36085,0.46059,0.7834,0.0593
phase7_decode_ab/20260922T195244Z,bf16,sdpa_grouped_decode,1,8192,15.231,0.4734,37.429,0.857,37.429,26.717,grouped,56.29,53.09,37.98,12066.1,0.6649,0.705,623.2,120.379,0.76446,0.98734,0.7743,0.1119
phase7_decode_ab/20260922T195244Z,bf16,sdpa_grouped_decode,1,16384,15.231,0.9432,30.2326,0.3892,30.233,33.077,grouped,54.66,48.95,28.28,12066.1,0.5531,0.6176,546.0,267.697,1.69999,2.24401,0.7576,0.2013
phase7_decode_ab/20260922T195244Z,bf16,sdpa_no_gqa,1,128,15.231,0.011,42.966,1.223,42.966,23.274,expanded,58.0,57.92,57.34,12066.1,0.7408,0.7493,662.4,1.674,0.01063,0.02912,0.365,0.002
phase7_decode_ab/20260922T195244Z,bf16,sdpa_no_gqa,1,512,15.231,0.033,41.7222,0.8658,41.722,23.968,expanded,57.92,57.67,55.98,12066.1,0.7203,0.7453,658.9,6.735,0.04277,0.06028,0.7095,0.0078
phase7_decode_ab/20260922T195244Z,bf16,sdpa_no_gqa,1,1024,15.231,0.0624,39.6994,0.4808,39.699,25.189,expanded,57.81,57.34,54.27,12066.1,0.6867,0.7315,646.8,13.574,0.0862,0.10939,0.788,0.0155
phase7_decode_ab/20260922T195244Z,bf16,sdpa_no_gqa,1,2048,15.231,0.1211,38.3377,0.9573,38.338,26.084,expanded,57.58,56.69,51.13,12066.1,0.6658,0.7498,662.8,27.569,0.17508,0.21688,0.8073,0.0305
phase7_decode_ab/20260922T195244Z,bf16,sdpa_no_gqa,1,4096,15.231,0.2385,32.4579,1.1346,32.458,30.809,expanded,57.15,55.44,45.84,12066.1,0.5679,0.7081,626.0,56.822,0.36085,0.46018,0.7841,0.0593
phase7_decode_ab/20260922T195244Z,bf16,sdpa_no_gqa,1,8192,15.231,0.4734,26.6559,0.4762,26.656,37.515,expanded,56.29,53.09,37.98,12066.1,0.4735,0.7018,620.5,120.379,0.76446,1.00124,0.7635,0.1119
phase7_decode_ab/20260922T195244Z,bf16,sdpa_no_gqa,1,16384,15.231,0.9432,19.1458,0.3165,19.146,52.231,expanded,54.66,48.95,28.28,12066.1,0.3503,0.677,598.6,267.697,1.69999,2.24934,0.7558,0.2013
phase8_batch_sweep/20260922T200038Z,bf16,sdpa_grouped_decode,1,512,15.231,0.033,43.0299,0.1996,43.03,23.24,grouped,57.92,57.67,55.98,12066.1,0.7429,0.7461,659.7,6.735,0.04277,0.06011,0.7115,0.0078
phase8_batch_sweep/20260922T200038Z,bf16,sdpa_grouped_decode,2,512,15.231,0.066,41.4164,0.53,82.833,24.145,grouped,57.79,57.3,54.06,12066.1,0.7167,0.7228,639.0,13.469,0.08553,0.10826,0.7901,0.0078
phase8_batch_sweep/20260922T200038Z,bf16,sdpa_grouped_decode,4,512,15.231,0.132,40.9216,0.1023,163.686,24.437,grouped,57.54,56.57,50.59,12066.1,0.7112,0.7234,639.5,26.938,0.17107,0.2038,0.8394,0.0078
phase8_batch_sweep/20260922T200038Z,bf16,sdpa_grouped_decode,8,512,15.231,0.264,40.3915,0.214,323.132,24.758,grouped,57.05,55.17,44.83,12066.1,0.708,0.7321,647.2,53.876,0.34214,0.42376,0.8074,0.0078
phase8_batch_sweep/20260922T200038Z,bf16,sdpa_grouped_decode,16,512,15.231,0.528,38.9472,0.2617,623.155,25.676,grouped,56.1,52.57,36.52,12066.1,0.6942,0.7409,654.9,107.752,0.68427,0.86321,0.7927,0.0078
phase8_batch_sweep/20260922T200038Z,bf16,sdpa_grouped_decode,32,512,15.231,1.056,35.008,0.3267,1120.256,28.565,grouped,54.28,48.05,26.64,12066.1,0.645,0.7286,644.1,215.504,1.36854,1.75688,0.779,0.0078
phase8_batch_sweep/20260922T200038Z,bf16,sdpa_no_gqa,1,512,15.231,0.033,42.3457,0.2055,42.346,23.615,expanded,57.92,57.67,55.98,12066.1,0.7311,0.7564,668.7,6.735,0.04277,0.06033,0.7089,0.0078
phase8_batch_sweep/20260922T200038Z,bf16,sdpa_no_gqa,2,512,15.231,0.066,39.5722,0.3103,79.144,25.27,expanded,57.79,57.3,54.06,12066.1,0.6848,0.732,647.1,13.469,0.08553,0.10647,0.8034,0.0078
phase8_batch_sweep/20260922T200038Z,bf16,sdpa_no_gqa,4,512,15.231,0.132,38.0282,0.1476,152.113,26.296,expanded,57.54,56.57,50.59,12066.1,0.6609,0.7517,664.6,26.938,0.17107,0.20523,0.8335,0.0078
phase8_batch_sweep/20260922T200038Z,bf16,sdpa_no_gqa,8,512,15.231,0.264,35.8996,0.2051,287.197,27.855,expanded,57.05,55.17,44.83,12066.1,0.6293,0.8008,707.9,53.876,0.34214,0.42709,0.8011,0.0078
phase8_batch_sweep/20260922T200038Z,bf16,sdpa_no_gqa,16,512,15.231,0.528,29.0432,0.3877,464.691,34.431,expanded,56.1,52.57,36.52,12066.1,0.5177,0.7953,703.1,107.752,0.68427,0.8594,0.7962,0.0078
phase8_batch_sweep/20260922T200038Z,bf16,sdpa_no_gqa,32,512,15.231,1.056,21.0102,0.2722,672.326,47.596,expanded,54.28,48.05,26.64,12066.1,0.3871,0.7887,697.2,215.504,1.36854,1.74888,0.7825,0.0078
